field,turbine,mode,power_mape,torque_mape,baseline_power_mape,samples
WF_1,1,all_fit_diagnostic,0.22767255053264654,5.707828761860149,0.21368093690587192,1999
WF_1,1,chronological_holdout,0.23271768011456548,5.741567411077978,0.22223460357454652,600
WF_1,2,all_fit_diagnostic,0.19780336482549532,5.716735534785109,0.19272016448125223,1999
WF_1,2,chronological_holdout,0.21029783335806593,5.700290240708266,0.2009380904105102,600
WF_1,3,all_fit_diagnostic,0.2139799380102098,5.6850564294258605,0.20460938164083117,1999
WF_1,3,chronological_holdout,0.21977944118445628,5.6501632687122525,0.2122721075400724,600
WF_1,4,all_fit_diagnostic,0.2007115444574435,5.72748446147844,0.19694054990145524,1999
WF_1,4,chronological_holdout,0.2056749435019609,5.718555524928499,0.19159978942188838,600
WF_1,5,all_fit_diagnostic,0.20089199535687033,5.668823268603448,0.19535198785011035,1999
WF_1,5,chronological_holdout,0.20229682524522857,5.71847471352477,0.20880936899757194,600
WF_1,6,all_fit_diagnostic,0.201189135332902,5.738439529496478,0.19772265395783165,1999
WF_1,6,chronological_holdout,0.2018619567010017,5.705478873826668,0.2026845066220755,600
WF_1,7,all_fit_diagnostic,0.19029115097332205,5.717883243489634,0.19427308525050252,1999
WF_1,7,chronological_holdout,0.18792735824112355,5.743495831148837,0.1928936360506941,600
WF_1,8,all_fit_diagnostic,0.20340139692900153,5.73304127629952,0.20203156598764146,1999
WF_1,8,chronological_holdout,0.21181494305115534,5.752888735718672,0.21742140221559408,600
WF_1,9,all_fit_diagnostic,0.19237280945246024,5.720841065268399,0.19186625225990495,1999
WF_1,9,chronological_holdout,0.19389361056494772,5.667610636674122,0.1833491391099308,600
WF_1,10,all_fit_diagnostic,0.22058257787558871,5.705500920150115,0.2094838093585402,1999
WF_1,10,chronological_holdout,0.22732550979327734,5.667598272197473,0.22471683246002988,600
WF_1,11,all_fit_diagnostic,0.19908039870838382,5.7253787173017505,0.19577370202464003,1999
WF_1,11,chronological_holdout,0.20110144364422852,5.753442923919799,0.19996466045877878,600
WF_1,12,all_fit_diagnostic,0.20190923487682336,5.7003055098856,0.19893861528930282,1999
WF_1,12,chronological_holdout,0.19392851479565942,5.71807961243992,0.19890988648032193,600
WF_1,13,all_fit_diagnostic,0.21593349772690498,5.705600682510267,0.20684402176980055,1999
WF_1,13,chronological_holdout,0.21087995635696086,5.759338721243283,0.21229530051635911,600
WF_1,14,all_fit_diagnostic,0.19548299441585873,5.717311100587912,0.19416862182610686,1999
WF_1,14,chronological_holdout,0.1950168674021323,5.673400610792069,0.19937616275397008,600
WF_1,15,all_fit_diagnostic,0.22176611524972253,5.674095071286971,0.21434504339101693,1999
WF_1,15,chronological_holdout,0.21756916319354783,5.639067128139167,0.19884252877411493,600
WF_1,16,all_fit_diagnostic,0.24983857380597388,5.693459514386332,0.2274961252571609,1999
WF_1,16,chronological_holdout,0.2577430277065179,5.763433854268672,0.24326366773457414,600
WF_1,17,all_fit_diagnostic,0.21429443357096184,5.703864802167445,0.2048022311854073,1999
WF_1,17,chronological_holdout,0.21926285841369592,5.696614533695282,0.21330992839392196,600
WF_1,18,all_fit_diagnostic,0.18553978009152333,5.721436506734574,0.18797463833868353,1999
WF_1,18,chronological_holdout,0.19631749977243412,5.725201503316814,0.20429925813966326,600
WF_1,19,all_fit_diagnostic,0.19861088466559018,5.729042549468344,0.19572185300840692,1999
WF_1,19,chronological_holdout,0.19123948660220996,5.726599052397364,0.17830324244307807,600
WF_1,20,all_fit_diagnostic,0.2008818091698891,5.683445547912204,0.19623363917139394,1999
WF_1,20,chronological_holdout,0.20648962951466254,5.73728646422035,0.20668337110262194,600
WF_1,21,all_fit_diagnostic,0.2220039906266558,5.760152206667602,0.2108979649004294,1999
WF_1,21,chronological_holdout,0.24261375644013652,5.846414623077336,0.24203640720756067,600
WF_1,22,all_fit_diagnostic,0.20063475354857083,5.708014314482552,0.19585000774888947,1999
WF_1,22,chronological_holdout,0.19549782828515097,5.6761429255357925,0.1699553608892981,600
WF_1,23,all_fit_diagnostic,0.20443881367802713,5.718415061361915,0.19897536168820368,1999
WF_1,23,chronological_holdout,0.20393007432099783,5.697410942880005,0.1946635179933653,600
WF_1,24,all_fit_diagnostic,0.19268532535302746,5.695903456304886,0.19225928608054355,1999
WF_1,24,chronological_holdout,0.18285620247597345,5.662460813562748,0.18092479218725094,600
WF_1,25,all_fit_diagnostic,0.21360107641841813,5.6991725847928105,0.2096385065035427,1999
WF_1,25,chronological_holdout,0.22579688138647738,5.727102567974109,0.22681409619915563,600
WF_1,26,all_fit_diagnostic,0.19841196783236514,5.731286407090151,0.19449142192354732,1999
WF_1,26,chronological_holdout,0.2000502327222101,5.757432145148243,0.1834523202873867,600
WF_1,27,all_fit_diagnostic,0.2136461802732729,5.679510543177868,0.20558791195082418,1999
WF_1,27,chronological_holdout,0.20974929199693218,5.704197699728468,0.20613097611199485,600
WF_1,28,all_fit_diagnostic,0.20387337979327907,5.718544942752286,0.2031734394459686,1999
WF_1,28,chronological_holdout,0.18989034686316741,5.711948685885729,0.18065324280431172,600
WF_1,29,all_fit_diagnostic,0.21400819461132428,5.716755994191029,0.20578236882314327,1999
WF_1,29,chronological_holdout,0.22115894230888755,5.773942351533858,0.23042464251180153,600
WF_1,30,all_fit_diagnostic,0.1992497349048949,5.689392977260938,0.19081224537591912,1999
WF_1,30,chronological_holdout,0.2056328957544761,5.747966525176028,0.20490350759874873,600
WF_1,31,all_fit_diagnostic,0.21989416699229736,5.720838858225122,0.20861866160731563,1999
WF_1,31,chronological_holdout,0.22043372613711054,5.759952721817134,0.20100818999845954,600
WF_1,32,all_fit_diagnostic,0.2086473812093929,5.730658767204554,0.20440010225117078,1999
WF_1,32,chronological_holdout,0.1927840347990427,5.707921546133431,0.17789524254896255,600
WF_1,33,all_fit_diagnostic,0.20315107292937398,5.72430496782945,0.19737276136524984,1999
WF_1,33,chronological_holdout,0.2030571536724713,5.736949082329187,0.19435472948696905,600
WF_1,34,all_fit_diagnostic,0.2041291912080482,5.7497438888181085,0.20055321385526156,1999
WF_1,34,chronological_holdout,0.2104237579696802,5.697610345294559,0.2071185570606756,600
WF_1,35,all_fit_diagnostic,0.1857071614119116,5.708428177261485,0.1862354758566581,1999
WF_1,35,chronological_holdout,0.17359347510665532,5.758673046117932,0.17072950195892514,600
WF_1,36,all_fit_diagnostic,0.20519752621773268,5.733240398371399,0.20191334968105668,1999
WF_1,36,chronological_holdout,0.188794379987001,5.8111893351307575,0.18999987959391465,600
WF_1,37,all_fit_diagnostic,0.20453600617898554,5.674493338692526,0.20110011392361626,1999
WF_1,37,chronological_holdout,0.2079440982806513,5.663553950998885,0.20601844969659844,600
WF_1,38,all_fit_diagnostic,0.1878949219432649,5.715519656723651,0.18927399796652555,1999
WF_1,38,chronological_holdout,0.18454515907025523,5.702870611082451,0.17308956573362166,600
WF_1,39,all_fit_diagnostic,0.20220255611855553,5.679917771965959,0.19887908772150353,1999
WF_1,39,chronological_holdout,0.1923853615183432,5.659685929305979,0.1760878468353669,600
WF_1,40,all_fit_diagnostic,0.20271706616527962,5.702421151910135,0.19863499929791542,1999
WF_1,40,chronological_holdout,0.19374433783605477,5.737608092996275,0.1807323336316249,600
WF_1,41,all_fit_diagnostic,0.20611059725877587,5.6961694927705295,0.20329268794077468,1999
WF_1,41,chronological_holdout,0.21333777444327526,5.641168786738859,0.21058348156328005,600
WF_1,42,all_fit_diagnostic,0.20883084781012098,5.731860374029249,0.20374648801340048,1999
WF_1,42,chronological_holdout,0.20098365677826252,5.68612817736417,0.1926428253628251,600
WF_1,43,all_fit_diagnostic,0.19459830735902378,5.6496449522099645,0.19323590222301698,1999
WF_1,43,chronological_holdout,0.20862160794290044,5.6923479197620495,0.2150034230505733,600
WF_1,44,all_fit_diagnostic,0.2037340687999269,5.7045722180442615,0.20072141467392962,1999
WF_1,44,chronological_holdout,0.21466073451601467,5.700842402394584,0.2110076670519235,600
WF_1,45,all_fit_diagnostic,0.22008147474290762,5.707704416992524,0.20929439194191393,1999
WF_1,45,chronological_holdout,0.22352532846319673,5.691201316285442,0.22370281235129896,600
WF_1,46,all_fit_diagnostic,0.18687067340128705,5.74801376936766,0.18816052602525074,1999
WF_1,46,chronological_holdout,0.20820358796964727,5.779137741530013,0.21607167357008822,600
WF_1,47,all_fit_diagnostic,0.2119580471154286,5.753128205559897,0.20679602709420966,1999
WF_1,47,chronological_holdout,0.2087884362522141,5.720102356019652,0.20546744053911167,600
WF_1,48,all_fit_diagnostic,0.22014420000017665,5.711663071747792,0.21043580056649844,1999
WF_1,48,chronological_holdout,0.22340541078458048,5.618332203557453,0.21647786946827896,600
WF_1,49,all_fit_diagnostic,0.2193453280526521,5.739349351011487,0.21037598669109725,1999
WF_1,49,chronological_holdout,0.24008974055407514,5.752680630821817,0.24371284087554992,600
WF_1,50,all_fit_diagnostic,0.18388415773119268,5.738815047388044,0.18508592758676776,1999
WF_1,50,chronological_holdout,0.1976766147751512,5.736714181886396,0.2003606452083194,600
WF_1,51,all_fit_diagnostic,0.2236365195601048,5.703721981750482,0.21968632934667728,1999
WF_1,51,chronological_holdout,0.23138423851194273,5.698896235885904,0.2228666159368992,600
WF_1,52,all_fit_diagnostic,0.21714189899354816,5.687847146054467,0.20332263957549435,1999
WF_1,52,chronological_holdout,0.20624795907126908,5.668999879531259,0.1861691729511934,600
WF_1,53,all_fit_diagnostic,0.20831269902974098,5.68894235038647,0.20592460922150024,1999
WF_1,53,chronological_holdout,0.21456216236112874,5.690109281308874,0.21976412209168103,600
WF_1,54,all_fit_diagnostic,0.18288672276376636,5.69293691960883,0.1861529371224633,1999
WF_1,54,chronological_holdout,0.18362167893025394,5.653723242347802,0.18379956122207022,600
WF_1,55,all_fit_diagnostic,0.217517211385516,5.729036533669634,0.20854991869387027,1999
WF_1,55,chronological_holdout,0.2209206893870038,5.8374583461830065,0.22099125181558776,600
WF_1,56,all_fit_diagnostic,0.20729748713505033,5.695223758624729,0.2018359750455393,1999
WF_1,56,chronological_holdout,0.19561154642421139,5.678200205404283,0.19429853745824985,600
WF_1,57,all_fit_diagnostic,0.21600642751157428,5.7005629166673,0.20624022783261262,1999
WF_1,57,chronological_holdout,0.21124247249290087,5.703189579815494,0.20589762768001954,600
WF_1,58,all_fit_diagnostic,0.21792638712274187,5.711449897314574,0.2109470174397447,1999
WF_1,58,chronological_holdout,0.21565184326854733,5.72147701250685,0.2047068481642327,600
WF_1,59,all_fit_diagnostic,0.21525983347159272,5.717314765053485,0.20659652292786213,1999
WF_1,59,chronological_holdout,0.1995470447964117,5.731940647609001,0.20459147768634875,600
WF_1,60,all_fit_diagnostic,0.21053488669888204,5.690896035028188,0.19957402581810949,1999
WF_1,60,chronological_holdout,0.1928258165678601,5.67315496442105,0.18319649938375637,600
WF_1,61,all_fit_diagnostic,0.22963917565389644,5.703287809551169,0.2223591601331073,1999
WF_1,61,chronological_holdout,0.23573115948098028,5.65238486294861,0.22766154778917042,600
WF_1,62,all_fit_diagnostic,0.22582064967821866,5.727116943480827,0.2148021847185921,1999
WF_1,62,chronological_holdout,0.21936393377671765,5.741721361776529,0.1882592423168102,600
WF_1,63,all_fit_diagnostic,0.1863380966360499,5.733911045153828,0.18815777146377832,1999
WF_1,63,chronological_holdout,0.19156577376154896,5.773464166474935,0.20195537240632902,600
WF_1,64,all_fit_diagnostic,0.20615890822859145,5.723943825502013,0.1997414613771909,1999
WF_1,64,chronological_holdout,0.22230756902985516,5.752076712014319,0.22259175563275171,600
WF_1,65,all_fit_diagnostic,0.21824999633291783,5.733285667428802,0.2047458905096283,1999
WF_1,65,chronological_holdout,0.23215434954670044,5.765398860256942,0.23015814526517855,600
WF_1,66,all_fit_diagnostic,0.1914776187280261,5.6784520354169015,0.19337572454724927,1999
WF_1,66,chronological_holdout,0.17940923674006987,5.697410122425768,0.1792557971774919,600
WF_1,67,all_fit_diagnostic,0.2157452300950029,5.709588014571572,0.2101913512996097,1999
WF_1,67,chronological_holdout,0.22394458932213146,5.6903892461985235,0.22164998180917092,600
WF_1,68,all_fit_diagnostic,0.2185373867460407,5.695445431255919,0.2106410881994603,1999
WF_1,68,chronological_holdout,0.21945053561043612,5.722969899748176,0.20752285241777457,600
WF_1,69,all_fit_diagnostic,0.23208231615320513,5.718523931331888,0.22071294120109491,1999
WF_1,69,chronological_holdout,0.2403684755420215,5.730082591039529,0.2238738778813868,600
WF_1,70,all_fit_diagnostic,0.19686002433946193,5.699095516416713,0.19598050347434753,1999
WF_1,70,chronological_holdout,0.1873621598274716,5.75369148873518,0.18497668599172695,600
WF_1,71,all_fit_diagnostic,0.21911795594379865,5.738048129453723,0.21072793931610484,1999
WF_1,71,chronological_holdout,0.2069437935526454,5.718353316707423,0.19337894115802637,600
WF_1,72,all_fit_diagnostic,0.21182866266533557,5.668479951712397,0.2072129188045369,1999
WF_1,72,chronological_holdout,0.23560436736859702,5.697379140121493,0.24129173319646016,600
WF_1,73,all_fit_diagnostic,0.19465251849213666,5.660883552066845,0.1930170078117327,1999
WF_1,73,chronological_holdout,0.17778726008449972,5.630365971142217,0.1696288641447713,600
WF_1,74,all_fit_diagnostic,0.22082794722679747,5.721776122538092,0.21372096708875388,1999
WF_1,74,chronological_holdout,0.23521339114224538,5.759375668153486,0.2207178618584878,600
WF_1,75,all_fit_diagnostic,0.1960711612668086,5.701879637971404,0.19550543486036054,1999
WF_1,75,chronological_holdout,0.18929541318612608,5.684924302159784,0.19720449463052456,600
WF_1,76,all_fit_diagnostic,0.21982124814283904,5.700975679528961,0.20923369622806312,1999
WF_1,76,chronological_holdout,0.2246095732590419,5.681564778345273,0.22634915330726788,600
WF_1,77,all_fit_diagnostic,0.2132072255768072,5.694457128887387,0.2052758708524093,1999
WF_1,77,chronological_holdout,0.20986844540139998,5.779649791546132,0.19978205351377237,600
WF_1,78,all_fit_diagnostic,0.2111609482193123,5.694575412980488,0.2061788620062966,1999
WF_1,78,chronological_holdout,0.19405772621667902,5.685228301215776,0.18309293918849925,600
WF_1,79,all_fit_diagnostic,0.22282263224783516,5.75555325664952,0.2106902250965932,1999
WF_1,79,chronological_holdout,0.22144629642896976,5.776093796378686,0.2077682663152979,600
WF_1,80,all_fit_diagnostic,0.22633294472900384,5.687321112046047,0.21528131579115886,1999
WF_1,80,chronological_holdout,0.2323413732277327,5.654838273073383,0.20788287258249402,600
WF_1,81,all_fit_diagnostic,0.1927975157857724,5.686352378100853,0.1896363736752437,1999
WF_1,81,chronological_holdout,0.18769590658598206,5.674014524130968,0.19733346348961828,600
WF_1,82,all_fit_diagnostic,0.17702440161176247,5.689477485843192,0.1780290608092884,1999
WF_1,82,chronological_holdout,0.2074898099785475,5.673818242448938,0.2067206370754599,600
WF_1,83,all_fit_diagnostic,0.21581108642214483,5.719163807438464,0.2037378905730298,1999
WF_1,83,chronological_holdout,0.2103706679083639,5.716235606159067,0.18015929819568655,600
WF_1,84,all_fit_diagnostic,0.2071980884467181,5.693442989289341,0.20268312794341592,1999
WF_1,84,chronological_holdout,0.2313691959617917,5.661897491121161,0.23058842609139418,600
WF_1,85,all_fit_diagnostic,0.20505779172245095,5.733433882870431,0.2035452375246883,1999
WF_1,85,chronological_holdout,0.20849328454202545,5.675945512936264,0.21922101423322463,600
WF_1,86,all_fit_diagnostic,0.17795890552631705,5.705382002200738,0.1835902880075548,1999
WF_1,86,chronological_holdout,0.17192253711925912,5.720193015889363,0.18229603480128667,600
WF_1,87,all_fit_diagnostic,0.18776992357131583,5.731992124361817,0.18736275293374025,1999
WF_1,87,chronological_holdout,0.17013573508934132,5.651120464284834,0.1595223784498085,600
WF_1,88,all_fit_diagnostic,0.19477579275826307,5.703337028019764,0.19133475156798274,1999
WF_1,88,chronological_holdout,0.18826418947120224,5.6926859396564895,0.1929893035448973,600
WF_1,89,all_fit_diagnostic,0.20427623857133878,5.699672659448138,0.20316811306736304,1999
WF_1,89,chronological_holdout,0.205146195320774,5.638110551202035,0.1896607156561955,600
WF_1,90,all_fit_diagnostic,0.23570997861587095,5.707115048682973,0.22128641200287366,1999
WF_1,90,chronological_holdout,0.2367898885392751,5.643728998077395,0.20781980557263058,600
WF_1,91,all_fit_diagnostic,0.1952096656144579,5.659301041552459,0.19203186266469546,1999
WF_1,91,chronological_holdout,0.18974488296154682,5.734783746276061,0.19920246972893438,600
WF_1,92,all_fit_diagnostic,0.23480542661339043,5.696718295828954,0.21993779056724838,1999
WF_1,92,chronological_holdout,0.2349125007084798,5.663678041213059,0.2264838605369998,600
WF_1,93,all_fit_diagnostic,0.21273816812002097,5.711087058924769,0.20463152550894875,1999
WF_1,93,chronological_holdout,0.20507929265184896,5.720377007056484,0.2003351326130989,600
WF_1,94,all_fit_diagnostic,0.2062475710726676,5.68059736762944,0.19805524769092092,1999
WF_1,94,chronological_holdout,0.1942507259295316,5.674306108372289,0.17888235986166912,600
WF_1,95,all_fit_diagnostic,0.1947235623237611,5.707460834278315,0.19771940409107416,1999
WF_1,95,chronological_holdout,0.1858407947504246,5.67711258397912,0.19596482713481228,600
WF_1,96,all_fit_diagnostic,0.1959901668590308,5.710716408860499,0.1939359633674012,1999
WF_1,96,chronological_holdout,0.1822934624537705,5.708417635939407,0.17310563611319404,600
WF_1,97,all_fit_diagnostic,0.21151879759240583,5.6689250504936695,0.20237811419266657,1999
WF_1,97,chronological_holdout,0.20175045585218318,5.690187439744567,0.1902735158239055,600
WF_1,98,all_fit_diagnostic,0.23479806110774776,5.712336397847075,0.22389854234278264,1999
WF_1,98,chronological_holdout,0.23348348757120485,5.68257273776696,0.2069167757395182,600
WF_1,99,all_fit_diagnostic,0.1976697805768312,5.783062861139167,0.1971373225336566,1999
WF_1,99,chronological_holdout,0.22424027568369356,5.821064386109042,0.2182912185822213,600
WF_1,100,all_fit_diagnostic,0.22101065518179142,5.665695390722729,0.21672910373368143,1999
WF_1,100,chronological_holdout,0.22164356495834506,5.64204787715982,0.2103677364697798,600
WF_2,1,all_fit_diagnostic,0.23349024217677977,5.6967666710417895,0.22005650276020225,1999
WF_2,1,chronological_holdout,0.2372064470230125,5.776850971340535,0.23967482522254058,600
WF_2,2,all_fit_diagnostic,0.20943569435696008,5.686798247433685,0.20491331487956965,1999
WF_2,2,chronological_holdout,0.2076913079197066,5.604672921472799,0.1852659797610066,600
WF_2,3,all_fit_diagnostic,0.20123621401597153,5.739841493054208,0.1995578992852999,1999
WF_2,3,chronological_holdout,0.21793434039999618,5.760815725184647,0.21256211149050658,600
WF_2,4,all_fit_diagnostic,0.19965779988654614,5.766918810731439,0.19774422008384,1999
WF_2,4,chronological_holdout,0.19168973504235934,5.717214876753547,0.17481359268593918,600
WF_2,5,all_fit_diagnostic,0.20666238462058012,5.721688055078265,0.19894983834580995,1999
WF_2,5,chronological_holdout,0.20182514622172415,5.7090155054377165,0.1906008724551824,600
WF_2,6,all_fit_diagnostic,0.1945219634445013,5.7094778882704755,0.19648328905393433,1999
WF_2,6,chronological_holdout,0.17477014313209965,5.714780331214591,0.17588284963394352,600
WF_2,7,all_fit_diagnostic,0.24008250928378838,5.684973474020357,0.22862141781146822,1999
WF_2,7,chronological_holdout,0.24530876635006713,5.62175824745641,0.23083159725695584,600
WF_2,8,all_fit_diagnostic,0.21268448162229092,5.709909761878244,0.20650346325508792,1999
WF_2,8,chronological_holdout,0.193850143043524,5.730616848231022,0.18072944639262203,600
WF_2,9,all_fit_diagnostic,0.21605609358749775,5.678787064879645,0.20585456554865356,1999
WF_2,9,chronological_holdout,0.2244799458632595,5.6701713102556255,0.22498299836709923,600
WF_2,10,all_fit_diagnostic,0.217147640730733,5.71257063587565,0.2130747575792606,1999
WF_2,10,chronological_holdout,0.2425536449145156,5.774272134566826,0.23145786051403855,600
WF_2,11,all_fit_diagnostic,0.23285975755751928,5.763508494154236,0.22460413118329123,1999
WF_2,11,chronological_holdout,0.21875480722565627,5.721299132095027,0.20284264335545524,600
WF_2,12,all_fit_diagnostic,0.22290194472511174,5.699506008934225,0.20911438226746404,1999
WF_2,12,chronological_holdout,0.23565807215140916,5.728858622864264,0.2142888324447247,600
WF_2,13,all_fit_diagnostic,0.22997296876173523,5.7294136132972335,0.21774872192883368,1999
WF_2,13,chronological_holdout,0.23919388349913198,5.758786654461939,0.23788888629460953,600
WF_2,14,all_fit_diagnostic,0.20775319193552452,5.671558950340847,0.2012950219157573,1999
WF_2,14,chronological_holdout,0.20711989628277175,5.664269632537149,0.1983450842978312,600
WF_2,15,all_fit_diagnostic,0.19394845448751608,5.733387126911974,0.19591379715216142,1999
WF_2,15,chronological_holdout,0.2043559555225312,5.766849993200836,0.20827948348753614,600
WF_2,16,all_fit_diagnostic,0.21658084210161185,5.697462714030851,0.21050016264914745,1999
WF_2,16,chronological_holdout,0.22170878376793743,5.688637034467274,0.2123264013036849,600
WF_2,17,all_fit_diagnostic,0.1985407607258757,5.714531639238013,0.19635682913915764,1999
WF_2,17,chronological_holdout,0.1927258820404225,5.736913270831829,0.1867178750701466,600
WF_2,18,all_fit_diagnostic,0.21027959077277522,5.695512105115974,0.2016189164326681,1999
WF_2,18,chronological_holdout,0.19974052462173597,5.632465857765913,0.16360285580777773,600
WF_2,19,all_fit_diagnostic,0.21344615845777481,5.7174253802742,0.20189732828864684,1999
WF_2,19,chronological_holdout,0.21937656139449052,5.7554695959762014,0.22033045698311,600
WF_2,20,all_fit_diagnostic,0.25248881797091516,5.742130988702348,0.2325686063831978,1999
WF_2,20,chronological_holdout,0.2569584722252987,5.736910517639115,0.21741315823332533,600
WF_2,21,all_fit_diagnostic,0.24407161242978584,5.731515612427143,0.22586007310200293,1999
WF_2,21,chronological_holdout,0.24873921795894646,5.842420972641885,0.2449649834567341,600
WF_2,22,all_fit_diagnostic,0.21938518415939964,5.741488340012843,0.20950550702928705,1999
WF_2,22,chronological_holdout,0.23224350208345262,5.753231667165129,0.2063934476918559,600
WF_2,23,all_fit_diagnostic,0.22028471711722486,5.735380907035436,0.21124263554013994,1999
WF_2,23,chronological_holdout,0.22052731193024674,5.706139734650996,0.22959406581229005,600
WF_2,24,all_fit_diagnostic,0.22313349970991264,5.70223204905758,0.21534206416770682,1999
WF_2,24,chronological_holdout,0.21535066338781061,5.774891388978454,0.21678231887842853,600
WF_2,25,all_fit_diagnostic,0.20447028681618043,5.727474846784261,0.1975416263561745,1999
WF_2,25,chronological_holdout,0.20009209530075972,5.7611272297094205,0.18129483189674,600
WF_2,26,all_fit_diagnostic,0.19477904951838404,5.681101404034084,0.18977705173542952,1999
WF_2,26,chronological_holdout,0.18967740919188167,5.686751153713136,0.18391151245777315,600
WF_2,27,all_fit_diagnostic,0.20352397353600316,5.7303304728233115,0.1982012025028456,1999
WF_2,27,chronological_holdout,0.2135719302542372,5.712236604054671,0.21292594203669557,600
WF_2,28,all_fit_diagnostic,0.22835065535072602,5.714186430996349,0.2155616880702144,1999
WF_2,28,chronological_holdout,0.22048574649044592,5.694323524372125,0.19579573221952762,600
WF_2,29,all_fit_diagnostic,0.2166792942319538,5.7029067678947065,0.2094510451508929,1999
WF_2,29,chronological_holdout,0.20197989632983812,5.663222857448265,0.1841334477471798,600
WF_2,30,all_fit_diagnostic,0.2064821713718628,5.7223169906247495,0.20231182328247216,1999
WF_2,30,chronological_holdout,0.2118792922844844,5.707983568739542,0.21950643363729128,600
WF_2,31,all_fit_diagnostic,0.22007563719981463,5.702284358107352,0.2124403624861843,1999
WF_2,31,chronological_holdout,0.22762434743596346,5.723848864767682,0.2148741561313847,600
WF_2,32,all_fit_diagnostic,0.22794391469910916,5.70397308575109,0.215598571639647,1999
WF_2,32,chronological_holdout,0.2207382838992591,5.6345979518478115,0.20328162141318362,600
WF_2,33,all_fit_diagnostic,0.21754558404057345,5.746396017153243,0.21042050856301506,1999
WF_2,33,chronological_holdout,0.21436381231577656,5.795282720947513,0.1991702138618154,600
WF_2,34,all_fit_diagnostic,0.2370795426736352,5.751749498837612,0.2204749274207863,1999
WF_2,34,chronological_holdout,0.2276718719105149,5.728198893484629,0.19922589849951902,600
WF_2,35,all_fit_diagnostic,0.19699127747470785,5.747776343595269,0.1964138091673409,1999
WF_2,35,chronological_holdout,0.1885807594187451,5.803739418391966,0.19134449854310953,600
WF_2,36,all_fit_diagnostic,0.17505780627745327,5.673330818627119,0.17427065482723186,1999
WF_2,36,chronological_holdout,0.1835216366532478,5.632564422408491,0.17514468115511073,600
WF_2,37,all_fit_diagnostic,0.21995106825092736,5.7108253768053325,0.2104984922587214,1999
WF_2,37,chronological_holdout,0.21325834901116794,5.745541179554358,0.21262784443819865,600
WF_2,38,all_fit_diagnostic,0.21688150550298763,5.7052778268281665,0.21065631860495343,1999
WF_2,38,chronological_holdout,0.22304137079772632,5.700412070192581,0.23237258646608758,600
WF_2,39,all_fit_diagnostic,0.20898648335181724,5.710098001578938,0.20120693238456444,1999
WF_2,39,chronological_holdout,0.20406125901512476,5.748764434709976,0.19150314438654847,600
WF_2,40,all_fit_diagnostic,0.19516980624126248,5.731434547429166,0.19198691335317022,1999
WF_2,40,chronological_holdout,0.18580655928367246,5.675819479944715,0.18166670305147545,600
WF_2,41,all_fit_diagnostic,0.20054858351368823,5.697547200842876,0.1950581393139941,1999
WF_2,41,chronological_holdout,0.21137179059799427,5.7593299241120945,0.20984165178464537,600
WF_2,42,all_fit_diagnostic,0.18623002100759534,5.697654530142879,0.18508673274245557,1999
WF_2,42,chronological_holdout,0.18996116361049672,5.6740240075060795,0.19201420297612065,600
WF_2,43,all_fit_diagnostic,0.216289197118572,5.711358921254908,0.20453746439773246,1999
WF_2,43,chronological_holdout,0.2195787723884948,5.68110698185358,0.22375085051072297,600
WF_2,44,all_fit_diagnostic,0.21498068209711893,5.7188822990262285,0.2062355500427153,1999
WF_2,44,chronological_holdout,0.2119254986807729,5.671095384232553,0.21302979001536215,600
WF_2,45,all_fit_diagnostic,0.22630508329472823,5.702625709368597,0.21582453071083757,1999
WF_2,45,chronological_holdout,0.21891784270809037,5.706426842017189,0.21261661720584635,600
WF_2,46,all_fit_diagnostic,0.2225784174292862,5.710406650681652,0.21118947024786422,1999
WF_2,46,chronological_holdout,0.21718247825962042,5.688669818266544,0.1895432872918415,600
WF_2,47,all_fit_diagnostic,0.2415644805086422,5.710333477994512,0.22890835172869384,1999
WF_2,47,chronological_holdout,0.2469914202669593,5.7307571780607205,0.24013902024872033,600
WF_2,48,all_fit_diagnostic,0.2169360033471174,5.685811834319938,0.20654157445578483,1999
WF_2,48,chronological_holdout,0.20245445588102728,5.590768456268667,0.16780818566060696,600
WF_2,49,all_fit_diagnostic,0.19204168080728282,5.697437820405461,0.18681648713783203,1999
WF_2,49,chronological_holdout,0.19455851891063886,5.683922921982183,0.1789170897896124,600
WF_2,50,all_fit_diagnostic,0.1883945683987856,5.711852445117013,0.18973763539745767,1999
WF_2,50,chronological_holdout,0.19894008019904164,5.70435324977596,0.20471657425625384,600
WF_2,51,all_fit_diagnostic,0.21130886347947483,5.693015441101634,0.2041926681266707,1999
WF_2,51,chronological_holdout,0.20593947124043097,5.6746393874367325,0.18550566279254727,600
WF_2,52,all_fit_diagnostic,0.21618274826405542,5.694610473107174,0.20840868675240856,1999
WF_2,52,chronological_holdout,0.2026816407292483,5.728635874585641,0.18827967114151836,600
WF_2,53,all_fit_diagnostic,0.22317424908432923,5.678424367688742,0.21083919411344185,1999
WF_2,53,chronological_holdout,0.21818147913108404,5.711710753174309,0.1981152458383748,600
WF_2,54,all_fit_diagnostic,0.22713972733926086,5.70030778772654,0.21438544103713816,1999
WF_2,54,chronological_holdout,0.2251023584349289,5.704119270123108,0.22780607192243937,600
WF_2,55,all_fit_diagnostic,0.2180270762048875,5.677952153683447,0.21160987762912944,1999
WF_2,55,chronological_holdout,0.21544937324023142,5.670718511837531,0.2087565787061063,600
WF_2,56,all_fit_diagnostic,0.21401725286446363,5.777866785029619,0.20076465774491106,1999
WF_2,56,chronological_holdout,0.22739643883352284,5.831498495957091,0.2182495991197858,600
WF_2,57,all_fit_diagnostic,0.19270286634032882,5.7134692732794905,0.19465590825085466,1999
WF_2,57,chronological_holdout,0.19954142339954514,5.729114049790562,0.21754046336784938,600
WF_2,58,all_fit_diagnostic,0.20845210640210984,5.725324414965298,0.2024348306165363,1999
WF_2,58,chronological_holdout,0.2015386742770534,5.725642617593533,0.19075486869792393,600
WF_2,59,all_fit_diagnostic,0.20953983825879596,5.64340806686761,0.2026301942445591,1999
WF_2,59,chronological_holdout,0.19785255166612772,5.605147150659836,0.18607872264661174,600
WF_2,60,all_fit_diagnostic,0.20313127775426812,5.708595459505675,0.19819617476528575,1999
WF_2,60,chronological_holdout,0.19561189629034806,5.771073146465027,0.17656879711647608,600
WF_2,61,all_fit_diagnostic,0.20853146207654763,5.710401026127174,0.2020198701734571,1999
WF_2,61,chronological_holdout,0.22682396453983425,5.709796235659503,0.23197836867909163,600
WF_2,62,all_fit_diagnostic,0.2124018984728035,5.690539816927526,0.20269336114703745,1999
WF_2,62,chronological_holdout,0.22849508855362832,5.614039441955619,0.2046386403381228,600
WF_2,63,all_fit_diagnostic,0.22818370548213138,5.705335792366847,0.21449375630425743,1999
WF_2,63,chronological_holdout,0.22730348915971219,5.733144793789504,0.19870677827005145,600
WF_2,64,all_fit_diagnostic,0.1733777215694883,5.740723709900917,0.18148924892489518,1999
WF_2,64,chronological_holdout,0.1846926824961886,5.745939876570297,0.18798277063515567,600
WF_2,65,all_fit_diagnostic,0.20592518999134676,5.69310316762036,0.20089381689237878,1999
WF_2,65,chronological_holdout,0.21418547542523436,5.682895525066996,0.2155223429405539,600
WF_2,66,all_fit_diagnostic,0.20947020154222593,5.714510277642183,0.2023518725556838,1999
WF_2,66,chronological_holdout,0.20622651223251615,5.689260558391491,0.20109882701701193,600
WF_2,67,all_fit_diagnostic,0.22750339913843762,5.685633780653775,0.2084825231013612,1999
WF_2,67,chronological_holdout,0.22263822243152692,5.689418957304092,0.19628941611294295,600
WF_2,68,all_fit_diagnostic,0.2044278924695624,5.658853829813968,0.19952148871165537,1999
WF_2,68,chronological_holdout,0.2041551826218579,5.6221658888064745,0.18649920878188664,600
WF_2,69,all_fit_diagnostic,0.20772917899928445,5.735468027343766,0.20276451159315947,1999
WF_2,69,chronological_holdout,0.217961457039,5.793848967258763,0.21832613896667843,600
WF_2,70,all_fit_diagnostic,0.18521670068152868,5.702929917410606,0.18872384278261523,1999
WF_2,70,chronological_holdout,0.17886395586890344,5.629863953144361,0.18557497690373342,600
WF_2,71,all_fit_diagnostic,0.20375687966539885,5.707870267143783,0.20080043966437588,1999
WF_2,71,chronological_holdout,0.21007848279189337,5.80250888646218,0.22502742609990656,600
WF_2,72,all_fit_diagnostic,0.2170307987327473,5.715131379422245,0.20797180337882604,1999
WF_2,72,chronological_holdout,0.21201874895783193,5.713592521150043,0.19896495611594353,600
WF_2,73,all_fit_diagnostic,0.19465373562503613,5.719617907277812,0.19478247073320767,1999
WF_2,73,chronological_holdout,0.22024405715235176,5.752771786831323,0.21004394715696625,600
WF_2,74,all_fit_diagnostic,0.1920704297891264,5.712607727127625,0.19430714189814546,1999
WF_2,74,chronological_holdout,0.1853759455266323,5.695685770612431,0.18064382116128663,600
WF_2,75,all_fit_diagnostic,0.21720858103346524,5.688514652059496,0.20555821177425607,1999
WF_2,75,chronological_holdout,0.22180582133676527,5.726940157728736,0.21427323620354338,600
WF_2,76,all_fit_diagnostic,0.19744532899248274,5.681707190311273,0.19674984880574228,1999
WF_2,76,chronological_holdout,0.19621705944931736,5.697692217338068,0.19117961512193418,600
WF_2,77,all_fit_diagnostic,0.2215229255284429,5.734327045939553,0.2117299424614375,1999
WF_2,77,chronological_holdout,0.21210201682190472,5.743584545240391,0.21319978791371777,600
WF_2,78,all_fit_diagnostic,0.21535395330865115,5.703342111704723,0.20994988024767153,1999
WF_2,78,chronological_holdout,0.22239140662115542,5.683129073771858,0.2224410662918313,600
WF_2,79,all_fit_diagnostic,0.20667269298221083,5.716139815937249,0.19901774707849787,1999
WF_2,79,chronological_holdout,0.20268757951288652,5.647134878246568,0.1831236682545824,600
WF_2,80,all_fit_diagnostic,0.19313484257290436,5.73844767217755,0.19209221155100006,1999
WF_2,80,chronological_holdout,0.20375488738542352,5.74062182824017,0.19815787926137193,600
WF_2,81,all_fit_diagnostic,0.21627029030603726,5.722863982045615,0.20982679955938474,1999
WF_2,81,chronological_holdout,0.2165172675953786,5.753863367860145,0.20339109109291983,600
WF_2,82,all_fit_diagnostic,0.21424494838677505,5.683397546926501,0.20838265361817382,1999
WF_2,82,chronological_holdout,0.22394444573305733,5.752188384120248,0.22896421701824723,600
WF_2,83,all_fit_diagnostic,0.19685304198639825,5.707169884648824,0.19536761600542793,1999
WF_2,83,chronological_holdout,0.2028074404021945,5.741136926810019,0.19523871669531231,600
WF_2,84,all_fit_diagnostic,0.21469447014373189,5.702746931590498,0.2047169098983586,1999
WF_2,84,chronological_holdout,0.20451096122145992,5.656534844832815,0.1916951716794123,600
WF_2,85,all_fit_diagnostic,0.25031453701650497,5.71711490886269,0.22996315668087705,1999
WF_2,85,chronological_holdout,0.28751383756568966,5.752159776243699,0.2798807323711266,600
WF_2,86,all_fit_diagnostic,0.21548278863254816,5.690828710883367,0.20347136583735315,1999
WF_2,86,chronological_holdout,0.21959168551827823,5.6749188282281295,0.2211466424781538,600
WF_2,87,all_fit_diagnostic,0.1942810455954388,5.700592131145498,0.19047201314655623,1999
WF_2,87,chronological_holdout,0.22301162262260413,5.720629082435972,0.23110825128746107,600
WF_2,88,all_fit_diagnostic,0.2169543451674945,5.710167726860218,0.2125220135784514,1999
WF_2,88,chronological_holdout,0.21616985453377205,5.715561497205172,0.2228606537541014,600
WF_2,89,all_fit_diagnostic,0.20936070021706946,5.717537722987607,0.2010568304752677,1999
WF_2,89,chronological_holdout,0.2155268754000191,5.7835433307445365,0.21872874721236757,600
WF_2,90,all_fit_diagnostic,0.1977678715879552,5.683789229395106,0.1996883901710552,1999
WF_2,90,chronological_holdout,0.181340389561346,5.692697345781694,0.18177940558881656,600
WF_2,91,all_fit_diagnostic,0.2051640762757946,5.723905360615647,0.19930775263318326,1999
WF_2,91,chronological_holdout,0.18957066172176684,5.725872173519645,0.16726756895181272,600
WF_2,92,all_fit_diagnostic,0.17359525933440104,5.686423676466747,0.17718413014136433,1999
WF_2,92,chronological_holdout,0.17747377004085152,5.70392760229353,0.18373295581673887,600
WF_2,93,all_fit_diagnostic,0.21282162560416354,5.68866907638074,0.2076224914523249,1999
WF_2,93,chronological_holdout,0.21209025243406754,5.631771530023907,0.20237102770026788,600
WF_2,94,all_fit_diagnostic,0.19803942974702596,5.718831453520006,0.19512485309978608,1999
WF_2,94,chronological_holdout,0.20957852733908183,5.7289145468417635,0.21193095102377602,600
WF_2,95,all_fit_diagnostic,0.23421722953985286,5.73587632169369,0.22104692409599208,1999
WF_2,95,chronological_holdout,0.22697524201159475,5.647555374401894,0.20932803261026972,600
WF_2,96,all_fit_diagnostic,0.20631726212097948,5.685758748949331,0.20150201215337413,1999
WF_2,96,chronological_holdout,0.19876148718080264,5.6678643097322166,0.19673174530756452,600
WF_2,97,all_fit_diagnostic,0.2263859997866753,5.728507500490813,0.22169268831650515,1999
WF_2,97,chronological_holdout,0.2269368075762061,5.738407692382159,0.23038840123725352,600
WF_2,98,all_fit_diagnostic,0.24164010024305846,5.706986833946679,0.22270219162375374,1999
WF_2,98,chronological_holdout,0.23922963708262976,5.743896562170811,0.21871872052650002,600
WF_2,99,all_fit_diagnostic,0.17949912583998054,5.683355406928501,0.18204871709125814,1999
WF_2,99,chronological_holdout,0.17132059263224442,5.743100543557854,0.16818958088209035,600
WF_2,100,all_fit_diagnostic,0.20406639899586448,5.66888031863453,0.1956369658808753,1999
WF_2,100,chronological_holdout,0.19870400668237,5.665139718355016,0.19655751008857508,600
