X1,X2,Results
-0.180074487,-0.059356897,1
-0.185498487,-0.038195079,1
-0.158378487,0.004744921,1
-0.092664641,0.039672194,1
-0.007549564,0.058574012,1
0.068803667,0.069463103,1
0.123252282,0.065148557,1
0.140150128,0.067203103,1
0.133265821,0.073777648,1
0.111778436,0.06617583,1
0.066091667,0.063094012,1
0.009348282,0.054670376,1
-0.068465256,0.024057648,1
-0.151494179,-0.004295079,1
-0.212201256,-0.039222352,1
-0.247665872,-0.063671443,1
-0.242241872,-0.063260534,1
-0.216582179,-0.040660534,1
-0.180491718,-0.002856897,1
-0.123748333,0.044603103,1
-0.050524333,0.065559466,1
0.035633821,0.06165583,1
0.113030128,0.057752194,1
0.161011667,0.020359466,1
0.170190744,-0.01970417,1
0.148703359,-0.046207806,1
0.11657659,-0.049700534,1
0.06776059,-0.01970417,1
-0.012556333,0.018921285,1
-0.105598795,0.031864921,1
-0.204482487,0.007826739,1
-0.274577256,-0.033880534,1
-0.291057872,-0.080107806,1
-0.266858487,-0.095105988,1
-0.199267102,-0.079696897,1
-0.114986487,-0.048673261,1
-0.016102795,0.007210376,1
0.095715051,0.066997648,1
0.198771051,0.102541285,1
0.272203667,0.120210376,1
0.294316898,0.099254012,1
0.257183359,0.037412194,1
0.174154436,-0.025867806,1
0.070055359,-0.098187806,1
-0.035504025,-0.151400534,1
-0.132510179,-0.154071443,1
-0.213452949,-0.124691443,1
-0.266649872,-0.057096897,1
-0.281670179,0.015223103,1
-0.247040025,0.05939583,1
-0.169017872,0.085077648,1
-0.069925564,0.080146739,1
0.018318744,0.045219466,1
0.094671975,-0.003678715,1
0.158299667,-0.044975079,1
0.204820898,-0.069629624,1
0.236321821,-0.084422352,1
0.225682436,-0.082162352,1
0.174363051,-0.074560534,1
0.091751359,-0.051755079,1
0.003089821,-0.011485988,1
-0.063875718,0.046657648,1
-0.117698487,0.142399466,1
-0.163385256,0.215746739,1
-0.205108333,0.243688557,1
-0.223049256,0.238552194,1
-0.204482487,0.184517648,1
-0.156709564,0.099459466,1
-0.086406179,-0.002445988,1
-0.020275102,-0.106405988,1
0.035425205,-0.182629624,1
0.082155051,-0.202147806,1
0.118036898,-0.173178715,1
0.150163667,-0.087093261,1
0.162889205,0.031248557,1
0.143070744,0.120621285,1
0.097175359,0.17917583,1
0.042518128,0.184106739,1
-0.001291102,0.122059466,1
-0.035712641,0.037412194,1
-0.065544641,-0.043536897,1
-0.095376641,-0.108460534,1
-0.116864025,-0.133936897,1
-0.114986487,-0.129211443,1
-0.09224741,-0.096749624,1
-0.051150179,-0.045385988,1
-0.004420333,0.003101285,1
0.034173513,0.03227583,1
0.077565513,0.048712194,1
0.134308898,0.030632194,1
0.195641821,-0.024840534,1
0.24404059,-0.082573261,1
0.265319359,-0.154276897,1
0.262607359,-0.194135079,1
0.236947667,-0.191669624,1
0.201065821,-0.164960534,1
0.158091051,-0.10106417,1
0.092794436,-0.028949624,1
0.014355051,0.043370376,1
-0.067422179,0.093706739,1
-0.12479141,0.101924921,1
-0.140020333,0.080763103,1
-0.121036333,0.037001285,1
-0.076184025,-0.008815079,1
-0.019649256,-0.074971443,1
0.050862744,-0.134553261,1
0.126798744,-0.156125988,1
0.199814128,-0.132293261,1
0.247378436,-0.045385988,1
0.251133513,0.046657648,1
0.212331051,0.11815583,1
0.145365513,0.164383103,1
0.077356898,0.157192194,1
0.011851667,0.115690376,1
-0.050941564,0.06617583,1
-0.108728025,0.01419583,1
-0.144609872,-0.007993261,1
-0.152120025,0.008854012,1
-0.123122487,0.042959466,1
-0.072846179,0.085899466,1
-0.028202487,0.123086739,1
0.008513821,0.140344921,1
0.02708059,0.132948557,1
0.048150744,0.105417648,1
0.05148859,0.061861285,1
0.033964898,0.016044921,1
0.002463975,-0.021758715,1
-0.051984641,-0.073533261,1
-0.088075102,-0.093051443,1
-0.108728025,-0.083600534,1
-0.099966179,-0.076615079,1
-0.074306487,-0.034702352,1
-0.055531102,-0.009431443,1
-0.031957564,0.017483103,1
-0.011096025,0.055492194,1
0.028332282,0.072750376,1
0.058998744,0.090624921,1
0.064839975,0.074804921,1
0.047107667,0.033303103,1
0.004758744,-0.020320534,1
-0.029245564,-0.079491443,1
-0.050524333,-0.120582352,1
-0.056156949,-0.130033261,1
-0.066796333,-0.086476897,1
-0.083694179,-0.032647806,1
-0.088700949,0.030221285,1
-0.084320025,0.087954012,1
-0.067213564,0.09329583,1
-0.045726179,0.064532194,1
-0.035504025,-0.013951443,1
-0.033417872,-0.097982352,1
-0.025490487,-0.145236897,1
-0.018606179,-0.150578715,1
-0.006089256,-0.100242352,1
-0.005880641,0.002074012,1
-0.01631141,0.100281285,1
-0.022361256,0.171779466,1
-0.036547102,0.214308557,1
-0.033835102,0.17239583,1
-0.039259102,0.094939466,1
-0.045517564,0.006183103,1
-0.058034487,-0.068807806,1
-0.083694179,-0.077436897,1
-0.082859718,-0.030387806,1
-0.083276949,0.066997648,1
-0.06783941,0.16561583,1
-0.060955102,0.22211583,1
-0.063041256,0.211637648,1
-0.041136641,0.149384921,1
-0.00817541,0.053437648,1
0.040431975,-0.05360417,1
0.080694744,-0.105789624,1
0.101347667,-0.098393261,1
0.096132282,-0.034907806,1
0.092794436,0.056519466,1
0.091125513,0.137674012,1
0.077148282,0.190064921,1
0.039597513,0.199926739,1
-0.022361256,0.159041285,1
-0.07597541,0.068641285,1
-0.121036333,-0.018882352,1
-0.130841256,-0.112569624,1
-0.117907102,-0.167631443,1
-0.101217872,-0.183040534,1
-0.079104641,-0.184478715,1
-0.047395102,-0.138662352,1
0.00809659,-0.091613261,1
0.072558744,-0.040249624,1
0.125547051,-0.002651443,1
0.155379051,0.017688557,1
0.168521821,0.056314012,1
0.172485513,0.097199466,1
0.169564898,0.119388557,1
0.147034436,0.097404921,1
0.099887359,0.039261285,1
0.036676898,-0.050522352,1
-0.030497256,-0.143387806,1
-0.087449256,-0.182013261,1
-0.125834487,-0.172562352,1
-0.147947718,-0.096955079,1
-0.155457872,0.011319466,1
-0.151702795,0.115279466,1
-0.132510179,0.189037648,1
-0.095585256,0.196434012,1
-0.036755718,0.154726739,1
0.034382128,0.048712194,1
0.086327359,-0.07394417,1
0.120331667,-0.188176897,1
0.128884898,-0.246525988,1
0.120540282,-0.204613261,1
0.096132282,-0.102296897,1
0.040431975,0.072544921,1
-0.033000641,0.232183103,1
-0.115403718,0.324226739,1
-0.179448641,0.341484921,1
-0.206360025,0.244099466,1
-0.204899718,0.089597648,1
-0.179657256,-0.071478715,1
-0.151702795,-0.195778715,1
-0.118950179,-0.246936897,1
-0.071594487,-0.223720534,1
-0.028619718,-0.152427806,1
0.031878744,-0.068191443,1
0.072558744,-0.003473261,1
0.072350128,0.015428557,1
0.066091667,0.021181285,1
0.056078128,0.024468557,1
0.059415975,0.016044921,1
0.055660898,-0.005733261,1
0.037302744,-0.037167806,1
0.015398128,-0.062438715,1
-0.011513256,-0.086065988,1
-0.022361256,-0.077231443,1
-0.018397564,-0.059356897,1
-0.013808025,-0.055042352,1
-0.014433872,-0.048878715,1
-0.027785256,-0.057713261,1
-0.037381564,-0.041482352,1
-0.034252333,-0.020731443,1
-0.028619718,-0.005733261,1
-0.019440641,-0.011485988,1
-0.010470179,-0.06038417,1
0.004341513,-0.106200534,1
0.042100898,-0.160029624,1
0.089247975,-0.16660417,1
0.130971051,-0.12366417,1
0.154961821,-0.046618715,1
0.140358744,0.053232194,1
0.10844059,0.109937648,1
0.066926128,0.142399466,1
0.011434436,0.095144921,1
-0.053862179,0.001868557,1
-0.135013564,-0.086682352,1
-0.202187718,-0.191669624,1
-0.236400641,-0.22084417,1
-0.224300949,-0.188176897,1
0.04355947,-0.010290521,0
0.079032803,-0.010495976,0
0.10866347,-0.013577794,0
0.137876803,-0.025699612,0
0.16124747,-0.100074158,0
0.188374136,-0.129043249,0
0.20757147,-0.113634158,0
0.203398136,-0.112195976,0
0.181696803,-0.053435976,0
0.135372803,-0.073981431,0
0.086962136,-0.073981431,0
0.05232347,-0.039054158,0
0.023944803,-0.043163249,0
-0.001095197,-0.023439612,0
-0.026969864,-0.037205067,0
-0.047001864,-0.060626885,0
-0.047001864,-0.118770521,0
-0.029473864,-0.110757794,0
-0.00151253,-0.067817794,0
0.02227547,-0.040081431,0
0.028118136,0.017856751,0
0.035630136,-0.002483249,0
0.03980347,0.008611297,0
0.043142136,0.001420388,0
0.049402136,-8.40E-04,0
0.03980347,0.037169479,0
0.03229147,0.011076751,0
0.021858136,0.017445842,0
0.007668803,0.026074933,0
0.005164803,0.049085842,0
-0.00151253,0.054222206,0
-0.010693864,0.059769479,0
-0.01278053,0.040662206,0
-0.013197864,-0.002277794,0
-0.004851197,0.012309479,0
0.00725147,-0.02015234,0
0.015598136,0.006556751,0
0.023110136,0.005324024,0
0.023110136,-0.02015234,0
0.015598136,0.004502206,0
0.011842136,-0.005975976,0
0.002660803,-0.00885234,0
-0.004433864,-0.065968703,0
-0.014449864,-0.097814158,0
-0.029891197,-0.13315234,0
-0.03156053,-0.122468703,0
-0.031143197,-0.060626885,0
-0.02530053,-0.016454158,0
-0.01528453,0.090176751,0
-0.014449864,0.07250766,0
-0.009859197,0.041278569,0
-0.005685864,0.003064024,0
-2.61E-04,-0.101306885,0
0.01100747,-0.113223249,0
0.01601547,-0.135823249,0
0.016850136,-0.112606885,0
0.014346136,-0.076035976,0
0.013094136,-0.039465067,0
0.018102136,0.028951297,0
0.020188803,0.058536751,0
0.01601547,0.044976751,0
0.00725147,-0.043779612,0
-0.002347197,-0.124934158,0
-0.009859197,-0.17835234,0
-0.01027653,-0.147945067,0
-0.01278053,-0.086719612,0
-0.02029253,-0.016659612,0
-0.023631197,0.071891297,0
-0.019457864,0.091614933,0
-0.001929864,0.142978569,0
0.017684803,0.150169479,0
0.031874136,0.070658569,0
0.03479547,-0.010085067,0
0.029370136,-0.063914158,0
0.024362136,-0.052203249,0
0.015180803,0.01826766,0
5.74E-04,0.10414766,0
-0.019457864,0.12900766,0
-0.04533253,0.112982206,0
-0.067451197,0.06572766,0
-0.077467197,0.017240388,0
-0.079553864,0.026074933,0
-0.079971197,-0.010495976,0
-0.085813864,-0.055285067,0
-0.088735197,-0.059188703,0
-0.07412853,-0.037410521,0
-0.04908853,0.039224024,0
-0.011111197,0.06120766,0
0.013928803,0.036142206,0
0.015598136,-0.013988703,0
0.008920803,-0.079528703,0
-0.00401653,-0.114455976,0
-0.009859197,-0.096170521,0
-0.018623197,-0.055490521,0
-0.02530053,-0.012550521,0
-0.034481864,0.07702766,0
-0.044497864,0.09284766,0
-0.036151197,0.118324024,0
-0.023631197,0.153456751,0
-0.01403253,0.089354933,0
-0.01778853,0.026896751,0
-0.029473864,-0.09247234,0
-0.028639197,-0.177941431,0
-0.019875197,-0.169106885,0
-0.001095197,-0.105826885,0
0.010172803,-0.005565067,0
0.005582136,0.098600388,0
9.91E-04,0.180371297,0
1.57E-04,0.202560388,0
0.01351147,0.241185842,0
0.03103947,0.164962206,0
0.02978747,0.06346766,0
0.014346136,-0.044806885,0
9.91E-04,-0.199719612,0
-0.00276453,-0.188830521,0
0.010590136,-0.130275976,0
0.01601547,-0.003715976,0
0.007668803,0.069220388,0
-0.010693864,0.04538766,0
-0.03156053,0.053811297,0
-0.03782053,0.046825842,0
-0.046167197,0.099833115,0
-0.055765864,0.103736751,0
-0.067033864,0.104969479,0
-0.074963197,0.08380766,0
-0.06411253,0.021554933,0
-0.035733864,-0.009057794,0
-0.00151253,-0.048299612,0
0.028118136,-0.049326885,0
0.03604747,-0.092266885,0
0.03229147,-0.111990521,0
0.033126136,-0.071926885,0
0.03604747,-0.001866885,0
0.039386136,0.064289479,0
0.039386136,0.083396751,0
0.02728347,0.083602206,0
0.00725147,0.045593115,0
-0.007355197,0.022376751,0
-0.008607197,0.008816751,0
-0.00401653,-0.022206885,0
1.57E-04,-0.043985067,0
0.007668803,-0.057750521,0
0.020606136,-0.036383249,0
0.033126136,0.017445842,0
0.04355947,0.053811297,0
0.053158136,0.061002206,0
0.06233947,0.027924024,0
0.068182136,-0.026521431,0
0.070686136,-0.062681431,0
0.074024803,-0.061448703,0
0.073190136,-0.04275234,0
0.073190136,-0.054257794,0
0.065260803,-0.068845067,0
0.05232347,-0.060215976,0
0.039386136,-0.042546885,0
0.02102347,-0.009879612,0
0.013094136,-0.017070521,0
0.006834136,-0.02241234,0
-0.00151253,-0.032685067,0
-0.005685864,-0.068023249,0
-0.00276453,-0.055901431,0
0.006834136,-0.061448703,0
0.026448803,-0.046245067,0
0.043976803,-0.047066885,0
0.053992803,-0.061859612,0
0.05858347,-0.041519612,0
0.056914136,-0.009057794,0
0.06359147,0.014980388,0
0.064008803,-0.003305067,0
0.05607947,-0.020357794,0
0.04606347,-0.070283249,0
0.030204803,-0.070694158,0
0.02603147,-0.079734158,0
0.02477947,-0.097197794,0
0.02102347,-0.083021431,0
0.016432803,-0.106648703,0
0.002660803,-0.065763249,0
-0.00276453,-0.040697794,0
-0.005685864,-0.003099612,0
-0.017371197,0.014158569,0
-0.03281253,-0.033095976,0
-0.05034053,-0.042957794,0
-0.060773864,-0.064119612,0
-0.06160853,-0.028781431,0
-0.054931197,0.019705842,0
-0.04783653,0.054838569,0
-0.045749864,0.057920388,0
-0.04157653,0.024431297,0
-0.03782053,0.008611297,0
-0.028639197,-0.037205067,0
-0.019875197,-0.012755976,0
-0.023631197,0.021965842,0
-0.034481864,0.042716751,0
-0.04908853,0.084629479,0
-0.057017864,0.091614933,0
-0.05785253,0.122433115,0
-0.063277864,0.133116751,0
-0.071207197,0.096134933,0
-0.082057864,0.04764766,0
-0.09040453,0.002653115,0
-0.081223197,-0.006386885,0
-0.066199197,0.01374766,0
-0.052427197,0.055454933,0
-0.04408053,0.064494933,0
-0.037403197,0.070042206,0
-0.029473864,0.087916751,0
-0.023631197,0.10188766,0
-0.01403253,0.168044024,0
-0.011945864,0.179138569,0
-0.02404853,0.172564024,0
-0.04282853,0.134144024,0
-0.059939197,0.059358569,0
-0.06661653,0.049085842,0
-0.065781864,0.017856751,0
-0.065781864,-0.020974158,0
-0.05785253,-0.070899612,0
-0.054513864,-0.105210521,0
-0.04908853,-0.108703249,0
-0.036151197,-0.06987234,0
-0.02530053,0.011693115,0
-0.012363197,0.052989479,0
-0.011111197,0.096751297,0
-0.01152853,0.080109479,0
-0.009859197,0.050729479,0
-0.013615197,0.060385842,0
-0.021127197,0.01374766,0
-0.039489864,-0.011317794,0
-0.05034053,-0.066585067,0
-0.05534853,-0.100485067,0
-0.05034053,-0.076446885,0
-0.028639197,-0.085075976,0
-0.008189864,-0.053641431,0
0.013094136,-0.047066885,0
0.024362136,-0.037615976,0
0.029370136,-0.014399612,0
0.038134136,0.030594933,0
0.03729947,0.099422206,0
0.040638136,0.087711297,0
0.041472803,0.072713115,0
0.019354136,0.010460388,0
0.00474747,-0.045423249,0
0.00599947,-0.053641431,0
0.003078136,-0.066995976,0
0.00725147,-0.053435976,0
9.91E-04,-0.071105067,0
-0.00777253,-0.05405234,0
-0.01152853,-0.005975976,0
-0.015701864,0.031416751,0
-0.00652053,0.047853115,0
-0.00401653,-6.34E-04,0
0.00474747,-0.055490521,0
0.02603147,-0.101923249,0
0.05482747,-0.102128703,0
0.095726136,-0.060421431,0
0.12869547,-0.012139612,0
0.14872747,0.032238569,0
0.04355947,-0.010290521,2
0.079032803,-0.010495976,2
0.10866347,-0.013577794,2
0.137876803,-0.025699612,2
0.16124747,-0.100074158,2
0.188374136,-0.129043249,2
0.20757147,-0.113634158,2
0.203398136,-0.112195976,2
0.181696803,-0.053435976,2
0.135372803,-0.073981431,2
0.086962136,-0.073981431,2
0.05232347,-0.039054158,2
0.023944803,-0.043163249,2
-0.001095197,-0.023439612,2
-0.026969864,-0.037205067,2
-0.047001864,-0.060626885,2
-0.047001864,-0.118770521,2
-0.029473864,-0.110757794,2
-0.00151253,-0.067817794,2
0.02227547,-0.040081431,2
0.028118136,0.017856751,2
0.035630136,-0.002483249,2
0.03980347,0.008611297,2
0.043142136,0.001420388,2
0.049402136,-8.40E-04,2
0.03980347,0.037169479,2
0.03229147,0.011076751,2
0.021858136,0.017445842,2
0.007668803,0.026074933,2
0.005164803,0.049085842,2
-0.00151253,0.054222206,2
-0.010693864,0.059769479,2
-0.01278053,0.040662206,2
-0.013197864,-0.002277794,2
-0.004851197,0.012309479,2
0.00725147,-0.02015234,2
0.015598136,0.006556751,2
0.023110136,0.005324024,2
0.023110136,-0.02015234,2
0.015598136,0.004502206,2
0.011842136,-0.005975976,2
0.002660803,-0.00885234,2
-0.004433864,-0.065968703,2
-0.014449864,-0.097814158,2
-0.029891197,-0.13315234,2
-0.03156053,-0.122468703,2
-0.031143197,-0.060626885,2
-0.02530053,-0.016454158,2
-0.01528453,0.090176751,2
-0.014449864,0.07250766,2
-0.009859197,0.041278569,2
-0.005685864,0.003064024,2
-2.61E-04,-0.101306885,2
0.01100747,-0.113223249,2
0.01601547,-0.135823249,2
0.016850136,-0.112606885,2
0.014346136,-0.076035976,2
0.013094136,-0.039465067,2
0.018102136,0.028951297,2
0.020188803,0.058536751,2
0.01601547,0.044976751,2
0.00725147,-0.043779612,2
-0.002347197,-0.124934158,2
-0.009859197,-0.17835234,2
-0.01027653,-0.147945067,2
-0.01278053,-0.086719612,2
-0.02029253,-0.016659612,2
-0.023631197,0.071891297,2
-0.019457864,0.091614933,2
-0.001929864,0.142978569,2
0.017684803,0.150169479,2
0.031874136,0.070658569,2
0.03479547,-0.010085067,2
0.029370136,-0.063914158,2
0.024362136,-0.052203249,2
0.015180803,0.01826766,2
5.74E-04,0.10414766,2
-0.019457864,0.12900766,2
-0.04533253,0.112982206,2
-0.067451197,0.06572766,2
-0.077467197,0.017240388,2
-0.079553864,0.026074933,2
-0.079971197,-0.010495976,2
-0.085813864,-0.055285067,2
-0.088735197,-0.059188703,2
-0.07412853,-0.037410521,2
-0.04908853,0.039224024,2
-0.011111197,0.06120766,2
0.013928803,0.036142206,2
0.015598136,-0.013988703,2
0.008920803,-0.079528703,2
-0.00401653,-0.114455976,2
-0.009859197,-0.096170521,2
-0.018623197,-0.055490521,2
-0.02530053,-0.012550521,2
-0.034481864,0.07702766,2
-0.044497864,0.09284766,2
-0.036151197,0.118324024,2
-0.023631197,0.153456751,2
-0.01403253,0.089354933,2
-0.01778853,0.026896751,2
-0.029473864,-0.09247234,2
-0.028639197,-0.177941431,2
-0.019875197,-0.169106885,2
-0.001095197,-0.105826885,2
0.010172803,-0.005565067,2
0.005582136,0.098600388,2
9.91E-04,0.180371297,2
1.57E-04,0.202560388,2
0.01351147,0.241185842,2
0.03103947,0.164962206,2
0.02978747,0.06346766,2
0.014346136,-0.044806885,2
9.91E-04,-0.199719612,2
-0.00276453,-0.188830521,2
0.010590136,-0.130275976,2
0.01601547,-0.003715976,2
0.007668803,0.069220388,2
-0.010693864,0.04538766,2
-0.03156053,0.053811297,2
-0.03782053,0.046825842,2
-0.046167197,0.099833115,2
-0.055765864,0.103736751,2
-0.067033864,0.104969479,2
-0.074963197,0.08380766,2
-0.06411253,0.021554933,2
-0.035733864,-0.009057794,2
-0.00151253,-0.048299612,2
0.028118136,-0.049326885,2
0.03604747,-0.092266885,2
0.03229147,-0.111990521,2
0.033126136,-0.071926885,2
0.03604747,-0.001866885,2
0.039386136,0.064289479,2
0.039386136,0.083396751,2
0.02728347,0.083602206,2
0.00725147,0.045593115,2
-0.007355197,0.022376751,2
-0.008607197,0.008816751,2
-0.00401653,-0.022206885,2
1.57E-04,-0.043985067,2
0.007668803,-0.057750521,2
0.020606136,-0.036383249,2
0.033126136,0.017445842,2
0.04355947,0.053811297,2
0.053158136,0.061002206,2
0.06233947,0.027924024,2
0.068182136,-0.026521431,2
0.070686136,-0.062681431,2
0.074024803,-0.061448703,2
0.073190136,-0.04275234,2
0.073190136,-0.054257794,2
0.065260803,-0.068845067,2
0.05232347,-0.060215976,2
0.039386136,-0.042546885,2
0.02102347,-0.009879612,2
0.013094136,-0.017070521,2
0.006834136,-0.02241234,2
-0.00151253,-0.032685067,2
-0.005685864,-0.068023249,2
-0.00276453,-0.055901431,2
0.006834136,-0.061448703,2
0.026448803,-0.046245067,2
0.043976803,-0.047066885,2
0.053992803,-0.061859612,2
0.05858347,-0.041519612,2
0.056914136,-0.009057794,2
0.06359147,0.014980388,2
0.064008803,-0.003305067,2
0.05607947,-0.020357794,2
0.04606347,-0.070283249,2
0.030204803,-0.070694158,2
0.02603147,-0.079734158,2
0.02477947,-0.097197794,2
0.02102347,-0.083021431,2
0.016432803,-0.106648703,2
0.002660803,-0.065763249,2
-0.00276453,-0.040697794,2
-0.005685864,-0.003099612,2
-0.017371197,0.014158569,2
-0.03281253,-0.033095976,2
-0.05034053,-0.042957794,2
-0.060773864,-0.064119612,2
-0.06160853,-0.028781431,2
-0.054931197,0.019705842,2
-0.04783653,0.054838569,2
-0.045749864,0.057920388,2
-0.04157653,0.024431297,2
-0.03782053,0.008611297,2
-0.028639197,-0.037205067,2
-0.019875197,-0.012755976,2
-0.023631197,0.021965842,2
-0.034481864,0.042716751,2
-0.04908853,0.084629479,2
-0.057017864,0.091614933,2
-0.05785253,0.122433115,2
-0.063277864,0.133116751,2
-0.071207197,0.096134933,2
-0.082057864,0.04764766,2
-0.09040453,0.002653115,2
-0.081223197,-0.006386885,2
-0.066199197,0.01374766,2
-0.052427197,0.055454933,2
-0.04408053,0.064494933,2
-0.037403197,0.070042206,2
-0.029473864,0.087916751,2
-0.023631197,0.10188766,2
-0.01403253,0.168044024,2
-0.011945864,0.179138569,2
-0.02404853,0.172564024,2
-0.04282853,0.134144024,2
-0.059939197,0.059358569,2
-0.06661653,0.049085842,2
-0.065781864,0.017856751,2
-0.065781864,-0.020974158,2
-0.05785253,-0.070899612,2
-0.054513864,-0.105210521,2
-0.04908853,-0.108703249,2
-0.036151197,-0.06987234,2
-0.02530053,0.011693115,2
-0.012363197,0.052989479,2
-0.011111197,0.096751297,2
-0.01152853,0.080109479,2
-0.009859197,0.050729479,2
-0.013615197,0.060385842,2
-0.021127197,0.01374766,2
-0.039489864,-0.011317794,2
-0.05034053,-0.066585067,2
-0.05534853,-0.100485067,2
-0.05034053,-0.076446885,2
-0.028639197,-0.085075976,2
-0.008189864,-0.053641431,2
0.013094136,-0.047066885,2
0.024362136,-0.037615976,2
0.029370136,-0.014399612,2
0.038134136,0.030594933,2
0.03729947,0.099422206,2
0.040638136,0.087711297,2
0.041472803,0.072713115,2
0.019354136,0.010460388,2
0.00474747,-0.045423249,2
0.00599947,-0.053641431,2
0.003078136,-0.066995976,2
0.00725147,-0.053435976,2
9.91E-04,-0.071105067,2
-0.00777253,-0.05405234,2
-0.01152853,-0.005975976,2
-0.015701864,0.031416751,2
-0.00652053,0.047853115,2
-0.00401653,-6.34E-04,2
0.00474747,-0.055490521,2
0.02603147,-0.101923249,2
0.05482747,-0.102128703,2
0.095726136,-0.060421431,2
0.12869547,-0.012139612,2
0.14872747,0.032238569,2
